Model,Accuracy
Logistic Regression,0.33815028901734107
Random Forest,0.2832369942196532
XGBoost,0.2514450867052023
MLP Classifier,0.2745664739884393
